OBJECTID_1,OBJECTID,FACILITYID,FULLADDR,OPERDAYS,OPERHOURS,PARKAREA,PARKURL,NUMPARKING,RESTROOM,ADACOMPLY,CAMPING,SWIMMING,HIKING,FISHING,PICNIC,BOATING,HUNTING,ROADCYCLE,MTBCYCLE,PLAYGROUND,GOLF,SKI,SOCCER,BASEBALL,SOFTBALL,BASKETBALL,TENNIS,SKATEBOARD,INFORMATION,PETS,LASTUPDATE,LASTEDITOR,created_user,created_date,last_edited_user,last_edited_date,ORIG_FID,X,Y
1,88,Armory Learning Arts Center,1018 MADISON AVE,Mon-Fri,8:00AM-5:00PM,2.24812956,http://www.funinmontgomery.com/parks-items/Armory,70,Y,Y,N,N,N,N,N,N,N,N,N,N,N,N,N,N,N,N,N,N,Y,N,2017/11/03 00:00:00+00,SLH,,,ABOWEN,2021/12/02 16:39:56+00,1,-86.29440802,32.37944736
2,90,Bellinger Hill Park,1121 S LAWRENCE ST,Sun-Sat,Daylight,0.44378967,http://www.funinmontgomery.com/parks-items/bellinger-hills,0,N,N,N,N,Y,N,Y,N,N,N,N,Y,N,N,N,N,N,N,N,N,N,N,2013/08/20 00:00:00+00,SLH,,,ABOWEN,2021/12/02 16:39:56+00,2,-86.30536159,32.36245971
3,92,"Forrest B. ""Buddy"" Watson Park",1801 TAYLOR RD,Sun-Sat,Daylight,30.02560334,http://www.funinmontgomery.com/parks-items/buddy-watson,230,Y,Y,N,N,Y,N,Y,N,N,N,N,Y,N,N,N,7,7,N,N,N,N,N,2013/08/20 00:00:00+00,SLH,,,ABOWEN,2021/12/02 16:39:56+00,3,-86.17341662,32.34971348
4,93,Earl D. James Center (Capital Heights),206 FEDERAL DR,Mon-Fri,8:00AM-5:00PM,9.17844068,http://www.funinmontgomery.com/parks-items/capitol-heights,30,Y,Y,N,N,N,N,N,N,N,N,N,N,N,N,Y,1,1,Y,N,N,Y,N,2013/08/29 00:00:00+00,SLH,,,ABOWEN,2021/12/02 16:39:56+00,4,-86.27137695,32.38416219
5,95,Catoma Park Ball Fields,1780 MITCHELL YOUNG RD,Sun-Sat,Daylight,21.85264496,http://www.funinmontgomery.com/parks-items/catoma-ball-fields,60,N,Y,N,N,Y,N,Y,N,N,N,N,N,N,N,N,4,4,N,N,N,Y,N,2013/08/20 00:00:00+00,SLH,,,ABOWEN,2021/12/02 16:39:56+00,5,-86.44568127,32.31443828
6,96,Chisholm Community Center,329 E VANDIVER BLVD,Sun-Sat,Daylight,28.20692249,http://www.funinmontgomery.com/parks-items/Chisholm,0,N,N,N,N,N,N,N,N,N,N,N,N,N,N,N,Y,Y,Y,N,N,N,N,2013/08/21 00:00:00+00,SLH,,,ABOWEN,2021/12/02 16:39:56+00,6,-86.27330726,32.41932342
7,97,Cloverdale Park (Church),2415 W CLOVERDALE PARK,Sun-Sat,Daylight,3.36244403,http://www.funinmontgomery.com/parks-items/cloverdale-park-church,0,N,N,N,N,Y,N,Y,N,N,N,N,N,N,N,N,N,N,N,N,N,N,Y,2013/08/21 00:00:00+00,SLH,,,ABOWEN,2021/12/02 16:39:56+00,7,-86.29229704,32.35542009
8,99,College Street Park,2220 COLLEGE ST,Sun-Sat,Daylight,0.67020876,http://www.funinmontgomery.com/parks-items/college-street,0,N,N,N,N,Y,N,Y,N,N,N,N,N,N,N,N,N,N,N,N,N,N,Y,2013/08/21 00:00:00+00,SLH,,,ABOWEN,2021/12/02 16:39:56+00,8,-86.2856453,32.35652228
9,100,Country Club Drive Park,2227 COUNTRY CLUB DR,Sun-Sat,Daylight,1.42388528,http://www.funinmontgomery.com/parks-items/country-club-drive-park,0,N,N,N,N,N,N,N,N,N,N,N,N,N,N,N,N,N,N,N,N,N,Y,2013/08/21 00:00:00+00,SLH,,,ABOWEN,2021/12/02 16:39:56+00,9,-86.27905279,32.35603554
10,101,Court Square,1 DEXTER AVE,Sun-Sat,Daylight,0.79432368,http://www.funinmontgomery.com/parks-items/court-square,0,N,N,N,N,N,N,N,N,N,N,N,N,N,N,N,N,N,N,N,N,N,N,2017/11/03 00:00:00+00,SLH,,,ABOWEN,2021/12/02 16:39:56+00,10,-86.30911598,32.37712843
11,102,Cramton Bowl ,1022 MADISON AVE,Mon-Fri,8:00AM-5:00PM,16.07607995,http://www.funinmontgomery.com/parks-items/cramton-bowl,0,Y,Y,N,N,N,N,N,N,N,N,N,N,N,N,N,N,N,N,N,N,Y,N,2013/08/29 00:00:00+00,SLH,,,ABOWEN,2021/12/02 16:39:56+00,11,-86.29362581,32.37892183
12,103,Dannelly Park,3415 CARTER HILL RD,Sun-Sat,Daylight,5.23657398,http://www.funinmontgomery.com/parks-items/Dannelly,0,N,N,N,N,N,N,N,N,N,N,N,Y,N,N,N,3,3,Y,N,N,N,N,2013/08/21 00:00:00+00,SLH,,,ABOWEN,2021/12/02 16:39:56+00,12,-86.25817223,32.34328525
13,104,Day Street Park,910 DAY ST,Sun-Sat,Daylight,0.52037844,http://www.funinmontgomery.com/parks-items/day-street-park,0,N,N,N,N,N,N,N,N,N,N,N,Y,N,N,N,N,N,Y,N,N,N,Y,2013/08/21 00:00:00+00,SLH,,,ABOWEN,2021/12/02 16:39:56+00,13,-86.32448367,32.36989331
14,105,Emory Folmar Soccer Complex,3000 BROWN SPRINGS RD,Sun-Sat,Daylight,52.30991847,http://www.funinmontgomery.com/parks-items/emory-folmar-ymca-soccer-complex,300,Y,Y,N,N,N,N,N,N,N,N,N,N,N,N,10,N,N,N,N,N,N,Y,2013/08/21 00:00:00+00,SLH,,,ABOWEN,2021/12/02 16:39:56+00,14,-86.18305642,32.37746095
15,106,Blount Cultural Park,3 FESTIVAL DR,Sun-Sat,Daylight,285.96321352,http://www.funinmontgomery.com/parks-items/blount-cultural-park,0,N,Y,N,N,Y,N,Y,N,N,Y,N,N,N,N,N,N,N,N,N,N,Y,Y,2013/08/21 00:00:00+00,SLH,,,ABOWEN,2021/12/02 16:39:56+00,15,-86.21011994,32.34743598
16,107,Dean Fain Park,8700 MINNIE BROWN RD,Sun-Sat,Daylight,23.17684947,http://www.funinmontgomery.com/parks-items/dean-fain-park-softball,400,Y,Y,N,N,N,N,N,N,N,N,N,N,N,N,N,4,4,N,N,N,N,N,2017/11/03 00:00:00+00,SLH,,,ABOWEN,2021/12/02 16:39:56+00,16,-86.14023509,32.35633705
17,108,Diffley Park,221 CRENSHAW ST,Sun-Sat,Daylight,4.04749155,http://www.funinmontgomery.com/parks-items/diffley-park,0,N,Y,N,N,N,N,N,N,N,N,N,Y,N,N,N,N,N,N,N,N,N,Y,2013/08/21 00:00:00+00,SLH,,,ABOWEN,2021/12/02 16:39:56+00,17,-86.33152682,32.37396612
18,109,Darrington/Ritchie Park (Dorchester) ,3399 DORCHESTER DR,Mon-Fri,8:00AM-5:00PM,2.77394364,http://www.funinmontgomery.com/parks-items/dorchester-park,0,N,N,N,N,Y,N,Y,N,N,N,N,Y,N,N,N,N,N,N,N,N,N,Y,2013/08/21 00:00:00+00,SLH,,,ABOWEN,2021/12/02 16:39:56+00,18,-86.25813733,32.31830303
19,110,Dr. Robert B. Adams Park,440 RICHARDSON RD,Sun-Sat,Daylight,1.49368355,http://www.funinmontgomery.com/parks-items/dr-robert-b-adams,0,N,N,N,N,N,N,Y,N,N,N,N,Y,N,N,N,N,N,Y,N,N,N,Y,2013/08/21 00:00:00+00,SLH,,,ABOWEN,2021/12/02 16:39:56+00,19,-86.3977353,32.31046518
20,111,Exchange Club Park East Montgomery,850 COLISEUM BLVD,Sun-Sat,Daylight,10.01333692,http://www.funinmontgomery.com/parks-items/east-montgomery-exchange-park,0,Y,N,N,N,Y,N,Y,N,N,N,N,Y,N,N,N,1,1,N,N,N,N,N,2013/08/21 00:00:00+00,SLH,,,ABOWEN,2021/12/02 16:39:56+00,20,-86.25872651,32.40166017
21,112,Fitzgerald Park,840 FELDER AVE,Sun-Sat,Daylight,0.26378485,http://www.funinmontgomery.com/parks-items/fitzgerald-park,0,N,N,N,N,N,N,N,N,N,N,N,N,N,N,N,N,N,N,N,N,N,Y,2013/08/21 00:00:00+00,SLH,,,ABOWEN,2021/12/02 16:39:56+00,21,-86.29325561,32.3581375
22,113,Floyd Community Center,3450 LEBRON RD,Mon-Fri,8:00AM-5:00PM,0.75672686,http://www.funinmontgomery.com/parks-items/Floyd,60,Y,Y,N,Y,N,N,N,N,N,N,N,Y,N,N,N,N,N,N,N,N,Y,N,2013/08/29 00:00:00+00,SLH,,,ABOWEN,2021/12/02 16:39:56+00,22,-86.29555005,32.34031475
23,114,Brenda Bonner Park (Forest Hills) ,3721 HARRISON RD,Sun-Sat,Daylight,3.47986039,http://www.funinmontgomery.com/parks-items/brenda-park,0,N,N,N,N,Y,N,Y,N,N,N,N,Y,N,N,N,N,N,N,N,N,N,Y,2013/08/21 00:00:00+00,SLH,,,ABOWEN,2021/12/02 16:39:56+00,23,-86.24822358,32.36786444
24,115,Fox Hollow Park,4690 CHRYSTAN RD,Sun-Sat,Daylight,5.17404849,http://www.funinmontgomery.com/parks-items/fox-hollow-park,0,N,N,N,N,Y,N,Y,N,N,N,N,Y,N,N,N,N,N,N,N,N,N,Y,2013/08/21 00:00:00+00,SLH,,,ABOWEN,2021/12/02 16:39:56+00,24,-86.22617719,32.38021409
25,116,Gateway Park,2060 BOWMAN DR,Sun-Sat,Daylight,191.44421616,http://www.funinmontgomery.com/parks-items/gateway-park,0,Y,Y,N,N,Y,Y,Y,N,N,N,N,Y,Y,Y,3,4,4,N,N,N,Y,Y,2013/08/21 00:00:00+00,SLH,,,ABOWEN,2021/12/02 16:39:56+00,25,-86.32769965,32.3342348
26,117,Goodwyn Park (Ball Fields),205 PERRY HILL RD,Sun-Sat,Daylight,25.72533904,http://www.funinmontgomery.com/parks-items/Goodwyn,200,Y,Y,N,N,N,N,Y,N,N,N,N,Y,N,N,1,7,7,Y,N,N,N,N,2013/08/21 00:00:00+00,SLH,,,ABOWEN,2021/12/02 16:39:56+00,26,-86.24184234,32.37923431
27,118,Hayneville Road Park,2900 PATRICK RD,Sun-Sat,Daylight,14.81495422,http://www.funinmontgomery.com/parks-items/hayneville-road-park,0,Y,Y,N,N,Y,N,Y,N,N,N,N,Y,N,N,N,N,N,Y,N,N,Y,Y,2013/08/22 00:00:00+00,SLH,,,ABOWEN,2021/12/02 16:39:56+00,27,-86.36491077,32.34823649
28,119,Highland Gardens Community Center,2805 WILLENA AVE,Sun-Sat,Daylight,5.34762405,http://www.funinmontgomery.com/parks-items/highland-gardens,0,Y,Y,N,N,N,N,N,N,N,N,N,Y,N,N,N,1,1,Y,N,N,Y,N,2013/08/22 00:00:00+00,SLH,,,ABOWEN,2021/12/02 16:39:56+00,28,-86.28080241,32.39904434
29,120,Homeview Park,3201 DAY ST,Sun-Sat,Daylight,0.62744382,http://www.funinmontgomery.com/parks-items/homeview-park,0,Y,Y,N,N,Y,N,Y,N,N,N,N,N,N,N,N,N,N,N,N,N,Y,Y,2013/08/22 00:00:00+00,SLH,,,ABOWEN,2021/12/02 16:39:56+00,29,-86.34378966,32.36867365
30,121,Houston Hill Community Center,207 HALL ST,Mon-Fri,8:00AM-5:00PM,10.97497262,http://www.funinmontgomery.com/parks-items/houston-hill,0,Y,Y,N,Y,N,N,N,N,N,N,N,Y,N,N,1,1,1,Y,N,N,Y,N,2017/11/03 00:00:00+00,SLH,,,ABOWEN,2021/12/02 16:39:56+00,30,-86.29060886,32.37686458
31,122,Hunter Station Community Center,20 MELTON ST,Sun-Sat,Daylight,3.87568228,http://www.funinmontgomery.com/parks-items/hunter-station,18,Y,Y,N,N,Y,N,Y,N,N,N,N,Y,N,N,N,N,N,Y,N,N,Y,N,2017/11/03 00:00:00+00,SLH,,,ABOWEN,2021/12/02 16:39:56+00,31,-86.39189354,32.39119508
32,123,Hyde Park (Burbank),5816 HYDE PARK DR,Sun-Sat,Daylight,5.90241147,http://www.funinmontgomery.com/parks-items/hyde-park-burbank,0,N,N,N,N,Y,N,N,N,N,N,N,Y,N,N,N,N,N,N,N,N,N,Y,2013/08/22 00:00:00+00,SLH,,,ABOWEN,2021/12/02 16:39:56+00,32,-86.19976915,32.39681639
33,124,Ida Belle Young Park,5400 VAUGHN RD,Sun-Sat,Daylight,23.92014932,http://www.funinmontgomery.com/parks-items/ida-belle-young-park,200,Y,Y,N,N,Y,N,Y,N,N,Y,N,Y,N,N,N,N,N,N,Y,N,Y,Y,2013/08/22 00:00:00+00,SLH,,,ABOWEN,2021/12/02 16:39:56+00,33,-86.21358751,32.33993164
34,125,Jackson Ferry Road Park,1785 JACKSON FERRY RD,Sun-Sat,Daylight,2.38435014,http://www.funinmontgomery.com/parks-items/jackson-ferry-road-park,0,N,N,N,N,Y,N,Y,N,N,N,N,Y,N,N,N,N,N,Y,N,N,N,Y,2013/08/22 00:00:00+00,SLH,,,ABOWEN,2021/12/02 16:39:56+00,34,-86.30430996,32.40889915
35,126,James A. Shannon Park (Mobile Heights),2220 W EDGEMONT AVE,Sun-Sat,Daylight,5.59178637,http://www.funinmontgomery.com/parks-items/james-a-shannon-mobile-heights,0,Y,Y,N,N,N,N,Y,N,N,N,N,Y,N,N,1,N,N,Y,Y,N,N,Y,2013/08/22 00:00:00+00,SLH,,,ABOWEN,2021/12/02 16:39:56+00,35,-86.3281643,32.34529539
36,127,King Hill Community Center,814 E CLAREMONT ST,Sun-Sat,Daylight,15.15821864,http://www.funinmontgomery.com/parks-items/king-hill,0,Y,Y,N,N,N,N,Y,N,N,Y,N,Y,N,N,1,1,1,Y,N,N,Y,N,2017/11/03 00:00:00+00,SLH,,,ABOWEN,2021/12/02 16:39:56+00,36,-86.27767809,32.39036074
37,128,Kiwanis Park,400 N HULL ST,Sun-Sat,Daylight,1.64480729,http://www.funinmontgomery.com/parks-items/kiwanis-park,14,N,Y,N,N,N,N,N,N,N,N,N,Y,N,N,N,N,N,N,N,N,N,Y,2013/08/23 00:00:00+00,SLH,,,ABOWEN,2021/12/02 16:39:56+00,37,-86.30442459,32.3826873
38,129,Lagoon Park,2855 LAGOON PARK DR,Sun-Sat,Daylight,304.4106599,http://www.funinmontgomery.com/parks-items/lagoon-park,1100,Y,Y,N,N,Y,Y,Y,N,N,Y,N,Y,Y,N,N,6,6,N,Y,N,Y,Y,2017/11/03 00:00:00+00,SLH,,,ABOWEN,2021/12/02 16:39:56+00,38,-86.22209837,32.40581582
39,130,Pete Peterson Lodge,2635 GUNTER PARK DR,Sun-Sat,Daylight,128.91479822,http://www.funinmontgomery.com/parks-items/pete-peterson-lodge,0,Y,Y,N,N,Y,Y,Y,N,N,Y,N,Y,N,N,N,N,N,N,N,N,N,Y,2017/11/03 00:00:00+00,SLH,,,ABOWEN,2021/12/02 16:39:56+00,39,-86.22494311,32.41502569
40,131,LeGrande Park,550 LAGRANDE PL,Sun-Sat,Daylight,2.4178512,http://www.funinmontgomery.com/parks-items/legrande-park,0,N,N,N,N,N,N,Y,N,N,N,N,N,N,N,N,N,N,N,N,N,N,Y,2013/08/23 00:00:00+00,SLH,,,ABOWEN,2021/12/02 16:39:56+00,40,-86.29914502,32.35235166
41,132,Lister Hill Plaza,100 N PERRY ST,Sun-Sat,Daylight,0.66565504,http://www.funinmontgomery.com/parks-items/lister-hill-plaza,0,N,Y,N,N,N,N,N,N,N,N,N,N,N,N,N,N,N,N,N,N,N,Y,2017/11/03 00:00:00+00,SLH,,,ABOWEN,2021/12/02 16:39:56+00,41,-86.30727606,32.37923304
42,133,Louis Armstrong Memorial Park,1849 MADISON AVE,Sun-Sat,Daylight,0.81847491,http://www.funinmontgomery.com/parks-items/louis-armstrong-park,0,N,Y,N,N,N,N,Y,N,N,N,N,Y,N,N,N,N,N,N,N,N,N,Y,2013/08/23 00:00:00+00,SLH,,,ABOWEN,2021/12/02 16:39:56+00,42,-86.28189289,32.38087935
43,134,Loveless Community Center,911 W JEFF DAVIS AVE,Sun-Sat,Daylight,0.90038378,http://www.funinmontgomery.com/parks-items/Loveless,0,Y,Y,N,N,N,N,N,N,N,N,N,N,N,N,N,N,N,N,N,N,Y,N,2017/11/03 00:00:00+00,SLH,,,ABOWEN,2021/12/02 16:39:56+00,43,-86.32325426,32.36559996
44,135,McIntyre Community Center,1240 HUGH ST,Sun-Sat,Daylight,19.41937771,http://www.funinmontgomery.com/parks-items/McIntyre,0,Y,N,N,Y,N,N,Y,N,N,N,N,Y,N,N,1,1,1,Y,N,N,N,N,2013/08/23 00:00:00+00,SLH,,,ABOWEN,2021/12/02 16:39:56+00,44,-86.33375739,32.36054504
45,138,Myrtlewood Drive Park,2069 MYRTLEWOOD DR,Sun-Sat,Daylight,2.53755687,http://www.funinmontgomery.com/parks-items/myrtlewood-drive,0,N,N,N,N,N,N,N,N,N,N,N,N,N,N,N,N,N,N,N,N,N,Y,2013/08/23 00:00:00+00,SLH,,,ABOWEN,2021/12/02 16:39:56+00,45,-86.27619929,32.34879869
46,139,O'Connor Tennis Center,500 ANDERSON ST,Mon- Fri,8:00AM-5:00PM,5.85810585,http://www.funinmontgomery.com/parks-items/oconnor-tennis-center,0,Y,Y,N,N,N,N,Y,N,N,N,N,N,N,N,N,N,N,N,Y,N,Y,N,2017/11/03 00:00:00+00,SLH,,,ABOWEN,2021/12/02 16:39:56+00,46,-86.28618308,32.37359489
47,140,Oak Park,1010 FOREST AVE,Sun-Sat,Daylight,39.86071024,http://www.funinmontgomery.com/parks-items/oak-park,0,Y,Y,N,N,Y,N,Y,N,N,Y,N,Y,N,N,N,N,N,N,N,N,Y,Y,2013/08/27 00:00:00+00,SLH,,,ABOWEN,2021/12/02 16:39:56+00,47,-86.28899749,32.36854351
48,141,Old Selma Road Community Center,3200 OLD SELMA RD,Sun-Sat,Daylight,10.17586202,http://www.funinmontgomery.com/parks-items/old-selma-road,20,Y,Y,N,N,N,N,Y,N,N,N,N,N,N,N,1,1,1,N,N,N,N,N,2017/11/03 00:00:00+00,SLH,,,ABOWEN,2021/12/02 16:39:56+00,48,-86.37291471,32.36052935
49,142,Wright Brothers Park,544 MAXWELL BLVD,Sun-Sat,Daylight,2.39295277,http://www.funinmontgomery.com/parks-items/overlook-park,0,Y,Y,N,N,N,N,Y,N,N,N,N,N,N,N,N,N,N,N,N,N,N,Y,2013/08/27 00:00:00+00,SLH,,,ABOWEN,2021/12/02 16:39:56+00,49,-86.31872994,32.37778651
50,143,Paterson Field,1215 MADISON AVE,Mon-Fri,8:00AM-5:00PM,15.68679038,http://www.funinmontgomery.com/parks-items/paterson-field,300,N,N,N,N,N,N,N,N,N,N,N,N,N,N,N,1,1,N,N,N,N,N,2013/08/29 00:00:00+00,SLH,,,ABOWEN,2021/12/02 16:39:56+00,50,-86.29141375,32.38181261
51,144,Peter Crump Park,3480 WOODLEY RD,Sun-Sat,Daylight,24.86111523,http://www.funinmontgomery.com/parks-items/peter-crump,0,Y,N,N,N,Y,N,Y,N,N,N,N,N,N,N,N,3,3,N,N,N,N,N,2017/11/03 00:00:00+00,SLH,,,ABOWEN,2021/12/02 16:39:56+00,51,-86.26212419,32.31388866
52,145,Ridgecrest Park,2600 APRIL ST,Sun-Sat,Daylight,1.76638639,http://www.funinmontgomery.com/parks-items/ridgecrest-park,0,Y,Y,N,N,Y,N,Y,N,N,N,N,Y,N,N,N,N,N,Y,N,N,N,Y,2013/08/27 00:00:00+00,SLH,,,ABOWEN,2021/12/02 16:39:56+00,52,-86.32247547,32.33982572
53,146,Riverfront Park,335 COOSA ST,Sun-Sat,Daylight,3.88793104,http://www.funinmontgomery.com/parks-items/riverfront-park,0,Y,Y,N,N,Y,N,Y,N,N,N,N,N,N,Y,N,N,N,N,N,N,N,Y,2013/08/27 00:00:00+00,SLH,,,ABOWEN,2021/12/02 16:39:56+00,53,-86.31346666,32.38194634
54,147,Rosa L. Parks Park,4610 ROSA PARKS AVE,Sun-Sat,Daylight,1.73251191,http://www.funinmontgomery.com/parks-items/rosa-l-parks-park,0,N,Y,N,N,N,N,Y,N,N,N,N,N,N,N,N,N,N,N,N,N,N,Y,2013/08/27 00:00:00+00,SLH,,,ABOWEN,2021/12/02 16:39:56+00,54,-86.31655493,32.32290317
55,148,Seth Johnson Park,4556 NARROW LANE RD,Sun-Sat,Daylight,6.96804308,http://www.funinmontgomery.com/parks-items/seth-johnson,128,Y,Y,N,N,Y,N,Y,N,N,N,N,N,N,N,N,3,3,N,N,N,N,Y,2013/08/27 00:00:00+00,SLH,,,ABOWEN,2021/12/02 16:39:56+00,55,-86.28468452,32.31668428
56,149,Sheridan Heights Community Center,3501 FARO DR,Sun-Sat,Daylight,18.96266811,http://www.funinmontgomery.com/parks-items/sheridan-heights,100,Y,Y,N,Y,Y,N,Y,N,N,N,N,Y,N,N,N,2,2,Y,N,N,Y,N,2013/08/27 00:00:00+00,SLH,,,ABOWEN,2021/12/02 16:39:56+00,56,-86.28524248,32.43537425
57,151,Leu Hammonds Park (Southlawn),389 GREENLEAF DR,Sun-Sat,Daylight,16.82122148,http://www.funinmontgomery.com/parks-items/southlawn-park,0,N,N,N,N,N,N,N,N,N,N,N,N,N,N,N,2,2,N,N,N,N,Y,2013/08/27 00:00:00+00,SLH,,,ABOWEN,2021/12/02 16:39:56+00,57,-86.34131239,32.30215162
58,152,Thompson Park,1655 RAY THORINGTON RD,Sun-Sat,Daylight,44.13901947,http://www.funinmontgomery.com/parks-items/thompson-park,300,Y,Y,N,N,N,N,Y,N,N,N,N,Y,N,N,N,10,10,N,N,N,N,Y,2013/08/27 00:00:00+00,SLH,,,ABOWEN,2021/12/02 16:39:56+00,58,-86.13025264,32.31356619
59,154,Tuscaloosa Park,731 GENETTA CT,Sun-Sat,Daylight,0.78595706,http://www.funinmontgomery.com/parks-items/tuscaloosa-park,0,N,N,N,N,N,N,Y,N,N,N,N,Y,N,N,N,N,N,N,N,N,N,Y,2013/08/27 00:00:00+00,SLH,,,ABOWEN,2021/12/02 16:39:56+00,59,-86.29803565,32.36708868
60,155,Thomas Calhoun Jr. Park (Twin Gates),3810 CORETTA DR,Sun-Sat,Daylight,7.88453514,http://www.funinmontgomery.com/parks-items/calhoun-park-twin-gates,50,N,Y,N,N,N,N,Y,N,N,N,N,N,N,N,N,1,N,Y,N,N,N,Y,2013/08/27 00:00:00+00,SLH,,,ABOWEN,2021/12/02 16:39:56+00,60,-86.38152476,32.31565334
61,156,Vaughn Road Park ,3620 VAUGHN RD,Sun-Sat,Daylight,20.02491381,http://www.funinmontgomery.com/parks-items/vaughn-road-park,60,Y,Y,N,N,Y,N,Y,N,N,N,N,Y,N,N,N,N,N,N,Y,N,N,Y,2017/11/03 00:00:00+00,SLH,,,ABOWEN,2021/12/02 16:39:56+00,61,-86.24649727,32.35112473
62,157,Vickers Park ,153 S MADISON TER,Sun-Sat,Daylight,0.77136174,http://www.funinmontgomery.com/parks-items/vickers-park,0,N,N,N,N,N,N,N,N,N,N,N,N,N,N,N,N,N,N,N,N,N,Y,2013/08/27 00:00:00+00,SLH,,,ABOWEN,2021/12/02 16:39:56+00,62,-86.2829037,32.3783076
63,158,Virginia Estates Park,PEABODY RD,Sun-Sat,Daylight,17.96695598,http://www.funinmontgomery.com/parks-items/virginia-estates-park,0,N,Y,N,N,Y,N,Y,N,N,Y,N,Y,N,N,N,N,N,N,N,N,N,Y,2013/08/27 00:00:00+00,SLH,,,ABOWEN,2021/12/02 16:39:56+00,63,-86.24623719,32.31529618
64,159,Wares Ferry Park,6425 WARES FERRY RD,Sun-Sat,Daylight,22.93243578,http://www.funinmontgomery.com/parks-items/wares-ferry-park,0,N,N,N,N,Y,N,Y,N,N,N,N,Y,N,N,N,N,N,N,N,N,N,Y,2017/11/03 00:00:00+00,SLH,,,ABOWEN,2021/12/02 16:39:56+00,64,-86.18981137,32.40277324
65,160,Washington Park ,2330 DOROTHY ST,Sun-Sat,Daylight,4.91472825,http://www.funinmontgomery.com/parks-items/washington-park,30,Y,Y,N,N,N,N,Y,N,N,N,N,Y,N,N,N,N,N,N,N,N,Y,N,2017/11/03 00:00:00+00,SLH,,,ABOWEN,2021/12/02 16:39:56+00,65,-86.33126224,32.3576938
66,161,Western Hills Park,2325 CLARENCE LEE DR,Sun-Sat,Daylight,3.11122894,http://www.funinmontgomery.com/parks-items/western-hills-park,70,Y,Y,N,N,Y,N,Y,N,N,N,N,Y,N,N,N,N,N,Y,Y,N,N,N,2017/11/03 00:00:00+00,SLH,,,ABOWEN,2021/12/02 16:39:56+00,66,-86.33098808,32.36537721
67,162,Woodcrest Park,4325 THORNWOOD RD,Sun-Sat,Daylight,22.03367568,http://www.funinmontgomery.com/parks-items/woodcrest-park,50,Y,Y,N,N,N,N,Y,N,N,Y,N,N,N,N,N,1,1,Y,Y,N,Y,Y,2013/08/27 00:00:00+00,SLH,,,ABOWEN,2021/12/02 16:39:56+00,67,-86.36832116,32.31399913
68,163,Woodmere Park,5881 WOODMERE BLVD,Sun-Sat,Daylight,27.53978295,http://www.funinmontgomery.com/parks-items/woodmere-park,0,Y,Y,N,N,Y,Y,Y,N,N,N,N,Y,N,N,N,1,N,N,N,N,N,Y,2017/11/03 00:00:00+00,SLH,,,ABOWEN,2021/12/02 16:39:56+00,68,-86.20638339,32.35570603
69,164,Hayneville Road Community Center,3315 HAYNEVILLE RD,Mon-Fri,8:00AM-5:00PM,23.82768895,http://www.funinmontgomery.com/parks-items/hayneville-road,0,Y,Y,N,N,N,N,N,N,N,N,N,Y,N,N,N,N,N,Y,N,N,Y,N,2017/11/03 00:00:00+00,SLH,,,ABOWEN,2021/12/02 16:39:56+00,69,-86.35501401,32.34789358
70,165,Pecan Grove Park,PLANTERS RD,Sun-Sat,Daylight,1.87618369,http://www.funinmontgomery.com/parks-items/pecan-grove-park,0,N,N,N,N,Y,N,Y,N,N,N,N,Y,N,N,N,N,N,N,N,N,N,Y,2013/08/27 00:00:00+00,SLH,,,ABOWEN,2021/12/02 16:39:56+00,70,-86.21876388,32.39887332
71,166,Riverwalk Stadium,355 COOSA ST,Mon-Fri,8:00AM-5:00PM,8.10955767,http://www.funinmontgomery.com/parks-items/riverwalk-buscuits-stadium,0,Y,Y,N,N,N,N,N,N,N,N,N,N,N,N,N,1,N,N,N,N,Y,N,2013/08/27 00:00:00+00,SLH,,,ABOWEN,2021/12/02 16:39:56+00,71,-86.31047527,32.38234343
72,167,Newtown Community Center,1765 N DECATUR ST ,Sun-Sat,Daylight,6.03315154,http://www.funinmontgomery.com/parks-items/Newtown,30,Y,Y,N,N,N,N,Y,N,N,N,N,Y,N,N,N,N,N,Y,N,N,Y,N,2017/11/03 00:00:00+00,SLH,,,ABOWEN,2021/12/02 16:39:56+00,72,-86.29489495,32.39687119
73,168,Willie Cook Community Center (Macedonia),6050 WOODLEY RD,Sun-Sat,Daylight,5.68041116,http://www.funinmontgomery.com/parks-items/macedonia-willie-cook,0,N,Y,N,N,Y,N,Y,N,N,N,N,N,N,N,N,N,1,1,N,N,N,Y,2013/08/27 00:00:00+00,SLH,,,ABOWEN,2021/12/02 16:39:56+00,73,-86.22532156,32.29459093
74,169,Powder Magazine Boat Launch and Park,228 EUGENE ST,Sun-Sat,Daylight,52.69683647,http://www.funinmontgomery.com/parks-items/powder-magazine,0,N,N,N,N,N,Y,Y,Y,N,N,N,N,N,N,N,N,N,N,N,N,N,Y,2013/08/27 00:00:00+00,SLH,,,ABOWEN,2021/12/02 16:39:56+00,74,-86.33129148,32.38308443
75,173,E.A.T. South Downtown Farm,530 MAXWELL BLVD,Sun-Sat,Daylight,2.06070962,http://www.eatsouth.org/,0,N,N,N,N,N,N,N,N,N,N,N,N,N,N,N,N,N,N,N,N,Y,N,2013/08/27 00:00:00+00,SLH,,,ABOWEN,2021/12/02 16:39:56+00,75,-86.31773466,32.37829484
76,174,Brewbaker Park & Community Center,4450 BREWBAKER DR,Sun-Sat,Daylight,24.93368685,http://www.funinmontgomery.com/parks-items/Brewbaker,0,N,N,N,N,N,N,N,N,N,N,N,N,N,N,N,N,N,N,N,N,N,N,2017/11/03 00:00:00+00,SLH,,,ABOWEN,2021/12/02 16:39:56+00,76,-86.22102227,32.32272865
77,175,Goodwyn Community Center,205 PERRY HILL RD,Mon-Fri,8:00AM-5:00PM,0.29132404,http://www.funinmontgomery.com/parks-items/Goodwyn,20,Y,Y,N ,N,N,N,N,N,N,N,N,N,N,N,N,N,N,Y,N,N,Y,N,2017/11/03 00:00:00+00,SLH,,,ABOWEN,2021/12/02 16:39:56+00,77,-86.24529258,32.38080913
78,,Montgomery Zoo,2301 COLISEUM PKWY,Sun-Sat,9:00AM-5:00PM,60.81671295,http://www.montgomeryzoo.com,,Y,Y,N,N,N,N,N,N,N,N,N,N,N,N,N,N,N,N,N,N,Y,N,2015/08/21 00:00:00+00,BWR,brandolph,2015/08/21 20:26:09+00,ABOWEN,2021/12/02 16:39:56+00,78,-86.27720354,32.42031238
79,89,Audubon Park,3174 CLOVERDALE RD,Sun-Sat,Daylight,1.92446561,http://www.funinmontgomery.com/parks-items/Audobon,0,N,N,N,N,N,N,N,N,N,N,N,N,N,N,N,N,N,N,N,N,N,Y,2013/08/20 00:00:00+00,SLH,shutcheson,2017/11/03 14:21:13+00,ABOWEN,2021/12/02 16:39:56+00,79,-86.29218222,32.3483117
80,89,Cloverdale Road Park,3124 CLOVERDALE RD,Sun-Sat,Daylight,1.85036727,http://www.funinmontgomery.com/parks-items/cloverdale-road-park,0,N,N,N,N,N,N,Y,N,N,N,N,Y,N,N,N,N,N,N,N,N,N,Y,2013/08/20 00:00:00+00,SLH,shutcheson,2017/11/03 14:21:13+00,ABOWEN,2021/12/02 16:39:56+00,80,-86.29242638,32.35017048
81,106,Bark Park,6055 Vaughn Rd,Sun-Sat,Daylight,7.11313332,http://www.funinmontgomery.com/parks-items/bark-park,0,N,Y,N,N,Y,N,N,N,N,N,N,N,N,N,N,N,N,N,N,N,N,Y,2013/08/21 00:00:00+00,SLH,shutcheson,2017/11/03 14:28:33+00,ABOWEN,2021/12/02 16:39:56+00,81,-86.20834488,32.3419333
82,,Crump Senior Center,1751 CONG W L DICKINSON DR,Mon-Fri,8:00AM-5:00PM,1.84549616,http://www.funinmontgomery.com/parks-items/crump-senior-center,,Y,Y,N,N,N,N,N,N,N,N,N,N,N,N,N,N,N,N,N,N,N,,2017/11/03 00:00:00+00,,shutcheson,2017/11/03 15:03:17+00,ABOWEN,2021/12/02 16:39:56+00,82,-86.26384116,32.40732897
83,,E.D. Nixon Community Center (Goode),1000 Edgar D Nixon Ave,"Mon-
Mon-Fri",8:00AM-5:00PM,1.65449065,http://www.funinmontgomery.com/parks-items/goode-street,,,Y,N,N,N,N,N,N,N,N,N,Y,N,N,N,N,N,Y,N,N,Y,,2017/11/03 00:00:00+00,,shutcheson,2017/11/03 15:22:23+00,ABOWEN,2021/12/02 16:39:56+00,83,-86.31428545,32.3634274
84,105,AUM/Ron Nunn Complex,250 BROWN SPRINGS RD,Sun-Sat,Daylight,27.77297621,http://www.funinmontgomery.com/parks-items/aum-ron-nunn-montgomery-east,300,Y,Y,N,N,N,N,Y,N,N,N,N,Y,N,N,N,5,2,N,N,N,N,Y,2013/08/21 00:00:00+00,SLH,shutcheson,2017/11/03 16:26:27+00,ABOWEN,2021/12/02 16:39:56+00,84,-86.1832935,32.37479859
85,,Fairview Environmental Park,750 W Fairview Ave,Sun-Sat,Daylight,3.10373375,http://www.funinmontgomery.com/parks-items/fairview-environmental-park,,N,Y,N,N,N,N,N,N,N,N,N,N,N,N,N,N,N,N,N,N,Y,N,2017/11/03 00:00:00+00,,shutcheson,2017/11/03 16:36:21+00,ABOWEN,2021/12/02 16:39:56+00,85,-86.3196421,32.35222288
86,,Harriot II,255 Commerce St,Mon-Fri,8:00AM-5:00PM,0.13515902,http://www.funinmontgomery.com/parks-items/harriot-ii-riverboat,,Y,Y,N,N,N,N,N,N,N,N,N,N,N,N,N,N,N,N,N,N,N,N,2017/11/03 00:00:00+00,,shutcheson,2017/11/03 16:45:07+00,ABOWEN,2021/12/02 16:39:56+00,86,-86.31390223,32.38216385
87,,Milo Howard Park,1800 Galena Ave,Sun-Sat,Daylight,0.07561464,http://www.funinmontgomery.com/parks-items/milo-haward-park,,N,N,N,N,N,N,,N,N,N,N,N,N,N,N,N,N,N,N,N,Y,Y,2017/11/03 00:00:00+00,,shutcheson,2017/11/03 16:52:00+00,ABOWEN,2021/12/02 16:39:56+00,87,-86.29535678,32.35616903
88,102,Multiplex at Cramton Bowl ,220 HALL ST,Mon-Fri,8:00AM-5:00PM,2.75814596,http://www.funinmontgomery.com/parks-items/multiplex-at-cramton-bowl,0,Y,Y,N,N,N,N,N,N,N,N,N,N,N,N,Y,N,N,Y,Y,N,N,N,2013/08/29 00:00:00+00,SLH,shutcheson,2017/11/03 16:59:42+00,ABOWEN,2021/12/02 16:39:56+00,88,-86.2929517,32.37838791
89,146,Riverfront Amphitheater,335 COOSA ST,Sun-Sat,Daylight,3.43980347,http://www.funinmontgomery.com/parks-items/riverwalk-amphitheater,0,Y,Y,N,N,Y,N,Y,N,N,N,N,N,N,N,N,N,N,N,N,N,N,N,2013/08/27 00:00:00+00,SLH,shutcheson,2017/11/03 17:17:44+00,ABOWEN,2021/12/02 16:39:56+00,89,-86.31246847,32.38298448
90,,Union Station Train Shed,300 WATER ST,Mon-Fri,8:00AM-5:00PM,2.63350892,http://www.funinmontgomery.com/parks-items/union-station-train-shed,,Y,Y,N,N,N,N,N,N,N,N,N,N,N,N,N,N,N,N,N ,N,Y,N,2017/11/03 00:00:00+00,,shutcheson,2017/11/03 17:29:20+00,ABOWEN,2021/12/02 16:39:56+00,90,-86.31430729,32.3804616
91,113,Therapeutic Recreation Center,604 AUGUSTA AVE,Mon-Fri,8:00AM-5:00PM,2.63897632,http://www.funinmontgomery.com/parks-items/therapeudic-recreation,60,Y,Y,N,Y,N,N,N,N,N,N,N,Y,N,N,N,N,N,Y,N,N,Y,N,2013/08/29 00:00:00+00,SLH,shutcheson,2017/11/03 17:40:38+00,ABOWEN,2021/12/02 16:39:56+00,91,-86.2977552,32.34102755
92,140,W.A. Gayle Planetarium,1010 FOREST AVE,Mon-Fri,8:00AM-5:00PM,0.84144595,http://www.funinmontgomery.com/parks-items/w-a-gayle-planetarium,0,Y,Y,N,N,N,N,N,N,N,N,N,N,N,N,N,N,N,N,N,N,Y,Y,2013/08/27 00:00:00+00,SLH,shutcheson,2017/11/03 18:03:19+00,ABOWEN,2021/12/02 16:39:56+00,92,-86.28734822,32.36807907
93,,Regency Park Community Center,5995 CHRISTY AVE,Sun-Sat,Daylight,17.34142735,,,Y,Y,N,Y,N,N,N,N,N,N,N,N,N,N,N,1,1,Y,N,N,Y,N,2017/11/03 00:00:00+00,,shutcheson,2017/11/03 18:10:09+00,ABOWEN,2021/12/02 16:39:56+00,93,-86.22311938,32.30770932
94,,Lower Dexter Park,29 DEXTER AVE,Sun-Sat,Daylight,0.08795697,,0,N,N,N,N,N,N,N,N,N,N,N,N,N,N,N,N,N,N,N,N,N,Y,2018/06/15 00:00:00+00,SLH,shutcheson,2018/06/15 18:49:42+00,ABOWEN,2021/12/02 16:39:56+00,94,-86.30837031,32.37779765
95,172,Rotary Dog Park,98 COOSA ST,Sun-Sat,Daylight,0.61481407,http://www.funinmontgomery.com/parks-items/rotary-park,0,N,N,N,N,N,N,N,N,N,N,N,N,N,N,N,N,N,N,N,N,N,Y,2013/08/27 00:00:00+00,SLH,shutcheson,2018/06/26 19:33:08+00,ABOWEN,2021/12/02 16:39:56+00,95,-86.3089924,32.37937005
96,,Shady Street Trailhead Park,1037 Walker St,,,3.61239109,,,,,,,,,,,,,,,,,,,,,,,,,2021/12/02 00:00:00+00,ANB - New Park Under Construction,ABOWEN,2021/12/02 16:04:48+00,ABOWEN,2021/12/08 16:59:01+00,96,-86.31387685,32.39320018
